PF,PF_1
PF,PF_1
PF,PF_1
PF,PF_1
PF,PF_2
PF,PF_2
PF,PF_3
PF,PF_3
PFI,PFI_1
PFI,PFI_1
PFI,PFI_2
PFI,PFI_2
PFI,PFI_3
PFI,PFI_3
PFIM_20_10,PFIM_20_10_1
PFIM_20_10,PFIM_20_10_1
PFIM_20_10,PFIM_20_10_1
PFIM_20_10,PFIM_20_10_1
PFIM_20_10,PFIM_20_10_1
PFIM_20_10,PFIM_20_10_1
PFIM_20_10,PFIM_20_10_1
PFIM_20_10,PFIM_20_10_1
PFIM_20_10,PFIM_20_10_2
PFIM_20_10,PFIM_20_10_2
PFIM_20_10,PFIM_20_10_2
PFIM_20_10,PFIM_20_10_2
PFIM_20_10,PFIM_20_10_2
PFIM_20_10,PFIM_20_10_2
PFIM_20_10,PFIM_20_10_2
PFIM_20_10,PFIM_20_10_2
PFIM_20_10,PFIM_20_10_2
PFIM_20_10,PFIM_20_10_2
PFIM_20_10,PFIM_20_10_3
PFIM_20_10,PFIM_20_10_3
PFIM_20_10,PFIM_20_10_3
PFIM_20_10,PFIM_20_10_3
PFIM_20_10,PFIM_20_10_3
PFIM_20_10,PFIM_20_10_3
PFIM_20_10,PFIM_20_10_3
PFIM_20_10,PFIM_20_10_3
PFIM_20_10,PFIM_20_10_3
PFIM_20_10,PFIM_20_10_3
PFIM_20_30,PFIM_20_30_1
PFIM_20_30,PFIM_20_30_1
PFIM_20_30,PFIM_20_30_1
PFIM_20_30,PFIM_20_30_1
PFIM_20_30,PFIM_20_30_1
PFIM_20_30,PFIM_20_30_1
PFIM_20_30,PFIM_20_30_1
PFIM_20_30,PFIM_20_30_1
PFIM_20_30,PFIM_20_30_2
PFIM_20_30,PFIM_20_30_2
PFIM_20_30,PFIM_20_30_2
PFIM_20_30,PFIM_20_30_2
PFIM_20_30,PFIM_20_30_2
PFIM_20_30,PFIM_20_30_2
PFIM_20_30,PFIM_20_30_2
PFIM_20_30,PFIM_20_30_2
PFIM_20_30,PFIM_20_30_2
PFIM_20_30,PFIM_20_30_2
PFIM_20_30,PFIM_20_30_3
PFIM_20_30,PFIM_20_30_3
PFIM_20_30,PFIM_20_30_3
PFIM_20_30,PFIM_20_30_3
PFIM_20_30,PFIM_20_30_3
PFIM_20_30,PFIM_20_30_3
PFIM_20_30,PFIM_20_30_3
PFIM_20_30,PFIM_20_30_3
PFIM_20_R2,PFIM_20_R20_1
PFIM_20_R2,PFIM_20_R20_1
PFIM_20_R2,PFIM_20_R20_1
PFIM_20_R2,PFIM_20_R20_1
PFIM_20_R2,PFIM_20_R20_1
PFIM_20_R2,PFIM_20_R20_1
PFIM_20_R2,PFIM_20_R20_1
PFIM_20_R2,PFIM_20_R20_1
PFIM_20_R2,PFIM_20_R20_1
PFIM_20_R2,PFIM_20_R20_1
PFIM_20_R2,PFIM_20_R20_2
PFIM_20_R2,PFIM_20_R20_2
PFIM_20_R2,PFIM_20_R20_2
PFIM_20_R2,PFIM_20_R20_2
PFIM_20_R2,PFIM_20_R20_2
PFIM_20_R2,PFIM_20_R20_2
PFIM_20_R2,PFIM_20_R20_2
PFIM_20_R2,PFIM_20_R20_2
PFIM_20_R2,PFIM_20_R20_2
PFIM_20_R2,PFIM_20_R20_2
PFIM_20_R2,PFIM_20_R20_2
PFIM_20_R2,PFIM_20_R20_2
PFIM_20_R2,PFIM_20_R20_3
PFIM_20_R2,PFIM_20_R20_3
PFIM_20_R2,PFIM_20_R20_3
PFIM_20_R2,PFIM_20_R20_3
PFIM_20_R2,PFIM_20_R20_3
PFIM_20_R2,PFIM_20_R20_3
PFIM_20_R2,PFIM_20_R20_3
PFIM_20_R2,PFIM_20_R20_3
PFIM_20_R2,PFIM_20_R20_3
PFIM_20_R2,PFIM_20_R20_3
PFIM_20_R2,PFIM_20_R20_3
PFIM_20_R2,PFIM_20_R20_3
PFIM_20_R4,PFIM_20_R40_1
PFIM_20_R4,PFIM_20_R40_1
PFIM_20_R4,PFIM_20_R40_2
PFIM_20_R4,PFIM_20_R40_2
PFIM_20_R4,PFIM_20_R40_3
PFIM_20_R4,PFIM_20_R40_3
PFIM_60_10,PFIM_60_10_1
PFIM_60_10,PFIM_60_10_1
PFIM_60_10,PFIM_60_10_1
PFIM_60_10,PFIM_60_10_1
PFIM_60_10,PFIM_60_10_2
PFIM_60_10,PFIM_60_10_2
PFIM_60_10,PFIM_60_10_3
PFIM_60_10,PFIM_60_10_3
PFIM_60_15,PFIM_60_15_1
PFIM_60_15,PFIM_60_15_1
PFIM_60_15,PFIM_60_15_2
PFIM_60_15,PFIM_60_15_2
PFIM_60_15,PFIM_60_15_3
PFIM_60_15,PFIM_60_15_3
PFIM_60_20,PFIM_60_20_1
PFIM_60_20,PFIM_60_20_1
PFIM_60_20,PFIM_60_20_1
PFIM_60_20,PFIM_60_20_1
PFIM_60_20,PFIM_60_20_2
PFIM_60_20,PFIM_60_20_2
PFIM_60_20,PFIM_60_20_2
PFIM_60_20,PFIM_60_20_2
PFIM_60_20,PFIM_60_20_3
PFIM_60_20,PFIM_60_20_3
PFIM_60_20,PFIM_60_20_3
PFIM_60_20,PFIM_60_20_3
